<harmonyEngine class="PatternHarmonyEngine">
  <crossoverPitch>3</crossoverPitch>
  <minimizeChordDistance>true</minimizeChordDistance>
  <crossoverPitch>-3</crossoverPitch>
  
  
  <!-- direct chords -->
    <chordPattern minimizeChordDistance="true" crossoverpicth="3">A7/4,E/4,-5:-5:0/4,D/4,G/4,E/4,D/4,A</chordPattern>
    <chordPattern minimizeChordDistance="true" crossoverpitch="1">G/2,E/2,-6:-2:6/4,D/4,A/4,E/4,D/2,F</chordPattern>
  <chordPattern minimizeChordDistance="true" crossoverpicth="2">A/4,E7/4,-5:-5:0/4,D/4,Gm/4,E/4,D6/4,F</chordPattern>
  <chordPattern minimizeChordDistance="true" crossoverpitch="-1">Gm/2,E4/2,-6:-2:6/4,D6/4,A/4,E4/4,D8/2,F/5</chordPattern>
  <chordPattern minimizeChordDistance="true" crossoverpicth="-2">A/4,E7/4,-5:-5:0/4,D/4,Gm/4,E/4,D6/4,F</chordPattern>
    <chordPattern minimizeChordDistance="true" crossoverpitch="-2">C/2,G/2,-5:-1:4/2,E/4,A/4,Em7/4,A6/4,Bm6/4</chordPattern>
    <chordPattern minimizeChordDistance="true" crossoverpitch="-1">B/3,E/4,-5:-2:4/3,G4/4,A6/4,Em/4,C6/4,F/4</chordPattern>
    <chordPattern minimizeChordDistance="true" crossoverpitch="0">A/4,E/4,-5:-3:4/2,G/4,Am/4,Em4/4,D6/4,G/3</chordPattern>
  <chordPattern minimizeChordDistance="true" crossoverpitch="1">A/1,G/2,G/2,D4/4,-7:-3:4/2,F/2,A6/4,G7/2,G/2,Dm4/4,-7:-3:4/2,G/2</chordPattern>
  <chordPattern minimizeChordDistance="true" crossoverpicth="2">G/4,Bm4/4,-7:-3:4/4,G6/4,A/4,Em4/4,D6/4,F/4</chordPattern>
  <chordPattern minimizeChordDistance="true" crossoverpitch="-1">Dm/12,F4/2,-3:0:7/2,A6/8,-5:0:2/4,G/4,Am/12,F4/2,-3:0:7/2,A7/8,C6/4,-5:0:2/2,Em4/2</chordPattern>
  <chordPattern minimizeChordDistance="true" crossoverPitch="0">Am7/4,F/4,G/4,Em/4,F/4,D/4,-8:-3:-1/4,E/4</chordPattern>
  <chordPattern minimizeChordDistance="true" crossoverPitch="1">A/6,F4/1,A/1,F/6,D4/1,F/1,C/6,A4/1,C/1,G/6,E4/1,G/1</chordPattern>


  <chordPattern minimizeChordDistance="true" crossOverPitch="0">-1:-2:3/4.4,-3:-2:1/1.4,-3:2:1/1,-2:3:3/4.2,-3:3:1/4.0,-2:-2:3/0,-1:-0:1/1.2,-2:-3:4/1.4,-4:-1:2/5,-3:-1:-5/5.3,-2:-1:2/2.0</chordPattern>
  <chordPattern minimizeChordDistance="true" crossOverPitch="1">-2:-4:6/5.7,-4:-5:7/0.5,-6:0:7/6,-6:5:5/5.4,-7:7:6/6.5,-0:-5:4/6,-6:-6:5/5.4,-4:-7:7/4.4,-5:-6:5/6,-6:-4:-7/5.4,-0:-5:6/1.4</chordPattern>
    <chordPattern minimizeChordDistance="true" crossOverPitch="2">-1:1:2/3.1,-1:-2:3/7.6,-5:1:2/3,-1:5:4/3.1,-2:3:2/1.1,-4:-5:6/4,-7:-6:5/2.1,-1:-2:3/3.2,-1:-3:4/2,-6:-6:-7/8.4,-6:-5:5/1.2</chordPattern>
  <chordPattern minimizeChordDistance="true" crossOverPitch="3">-4:-1:4/2.1,-1:-2:2/1.2,-2:5:6/6,-4:5:3/3.2,-1:1:0/2.1,-3:-0:1/2,-1:-1:3/2.5,-2:-5:2/7.0,-3:-6:6/7,-0:-2:-2/7.3,-1:-0:0/2.5</chordPattern>
    <chordPattern minimizeChordDistance="true" crossOverPitch="4">-3:2:0/1.0,-4:-1:2/0.3,-0:0:1/3,-2:0:1/0.1,-1:0:2/0.2,-1:-0:1/2,-3:-0:1/1.3,-1:-3:2/1.0,-7:-3:0/3,-4:-2:-4/0.7,-4:-0:0/1.0</chordPattern>
  <chordPattern minimizeChordDistance="true" crossOverPitch="1">-1:-1:2/2.1,-1:-2:3/2.3,-3:3:1/1,-1:3:2/1.4,-4:3:3/3.2,-1:-4:4/4,-3:-2:1/4.3,-1:-4:2/3.0,-2:-1:1/1,-3:-4:-2/4.5,-1:-5:0/5.2</chordPattern>
    <chordPattern minimizeChordDistance="true" crossOverPitch="2">-2:2:1/1.6,-4:-6:2/0.4,-6:0:4/3,-4:3:4/0.4,-6:3:2/1.2,-6:-3:4/2,-6:-3:4/3.4,-1:-3:6/1.4,-3:-2:6/4,-2:-4:-2/0.4,-6:-4:5/2.0</chordPattern>
 
 
  
  <!-- chords based on chord random tables -->
      <chordPattern>1/4,2/6,4!2/4,5!6/1,2!3/1</chordPattern>
  <chordPattern>1/1,2/3,0/4,3/0,$5/3,$5/2,$1/6,3/2</chordPattern>  
  <chordPattern>2/1,3/1,2/3,5/5,$6/4,$2/1,$3/4,3/5</chordPattern>  
  <chordPattern>0/1.4,2!0/1.5,$3/2,4!2/7,$3/4.5,$6/1.4,$0/3,1!1/3,2!1/1</chordPattern>

  
    <chordPattern>0/2,0/4,0!2/0,4!0/4,0!6/0</chordPattern>
  <chordPattern>1/0,2/0,0/2,1/0,$0/0,$5/0,$0/6,0/2</chordPattern>  
  <chordPattern>2/1,3/1,0/3,1/5,$1/0,$3/1,$1/6,1/1</chordPattern>  
  <chordPattern>2/2.4,2!4/1.3,$1/3,2!4/1,$3/3.5,$2/1.4,$2/5,3!4/3,2!1/4</chordPattern>

  <chordPattern>1/2,3/4,1!2/3,4!3/4,5!6/6</chordPattern>
  <chordPattern>1/4,2/1,0/2,1/4,$0/4,$5/1,$5/6,3/2</chordPattern>  
  <chordPattern>2/4,3/6,0/3,1/5,$0/5,$3/1,$4/6,1/2</chordPattern>  
  <chordPattern>0/2.1,2!0/0.3,$0/3,1!2/1,$0/3.5,$2/0.4,$0/5,3!1/3,2!2/1</chordPattern>

    <chordRandomTable>C,D,C6,E6,A6,Cm</chordRandomTable>
  <chordRandomTable>D,C,G,E,D</chordRandomTable>
  <chordRandomTable>C,G,Am,E7,B,F</chordRandomTable>
  <chordRandomTable>Cm,Am,G,E,B</chordRandomTable>	
  <chordRandomTable>Am,A7,C6,G6,D,G,Em,E,D,D</chordRandomTable>
  <chordRandomTable>C,A,G,E,D,C,A,G,F,D,F</chordRandomTable>
  <chordRandomTable>C,G,F,E,E,C,D,G,E,D,E</chordRandomTable> 
  
    <chordRandomTable>B,A,G,A,Am,B</chordRandomTable>
  <chordRandomTable>D,C,G,E6,A7</chordRandomTable>
  <chordRandomTable>C,G,Am,E7,Bm,F4,G6</chordRandomTable>
  <chordRandomTable>C,A,D,Am,G6,G</chordRandomTable>
  <chordRandomTable>Am,B,G,Dm,Gm,E,E,D,D</chordRandomTable>
  <chordRandomTable>C,A,AM,F,E,D,C4,A4,G6,G,Em,D,G</chordRandomTable>
  <chordRandomTable>Am,D7,Am,F,Em,Am,A,C,Gm,F,Em,C,E</chordRandomTable> 
  
  <chordRandomTable>B,D,G6,E,Am,C4</chordRandomTable>
  <chordRandomTable>D6,C4,F,E7,A6</chordRandomTable>
  <chordRandomTable>C,G,Am,E7,Bm,F4</chordRandomTable>
  <chordRandomTable>C4,A,D,E7,G</chordRandomTable>
  <chordRandomTable>A7,A,C,G,D7,G7,Em,E7,D6,D</chordRandomTable>
  <chordRandomTable>C4,A,G,F,Em,D7,C,A6,G,F,Em,Dm,F</chordRandomTable>
  <chordRandomTable>C,D7,G,F,Em,E,C,D,G,F6,Em,D8,E</chordRandomTable> 
  
</harmonyEngine>
