<harmonyEngine class="PatternHarmonyEngine">
  <crossoverPitch>3</crossoverPitch>
  <minimizeChordDistance>true</minimizeChordDistance>
  <crossoverPitch>-3</crossoverPitch>
  
  
  <!-- direct chords -->

  <chordPattern minimizeChordDistance="true" crossOverPitch="2">-4:-2:1/4.5,-1:-4:2/0.1,-4:0:1/3,-4:2:1/1.1,-4:5:6/1.2,-3:-2:5/7,-6:-3:4/5.5,-1:-1:2/4.2,-5:-3:1/1,-2:-1:-4/1.5,-1:-4:0/1.4</chordPattern>
    <chordPattern minimizeChordDistance="true" crossOverPitch="3">-1:1:2/3.1,-1:-2:3/7.6,-5:1:2/3,-1:5:4/3.1,-2:3:2/1.1,-4:-5:6/4,-7:-6:5/2.1,-1:-2:3/3.2,-1:-3:4/2,-6:-6:-7/8.4,-6:-5:5/1.2</chordPattern>
 
  <chordPattern minimizeChordDistance="true" crossOverPitch="2">-4:-2:4/2.1,-1:-2:2/1.2,-2:5:6/6,-4:5:5/3.2,-1:1:0/2.1,-3:-0:1/2,-1:-1:3/2.5,-2:-5:2/7.0,-3:-6:6/7,-0:-2:-2/7.3,-1:-0:0/2.5</chordPattern>
    <chordPattern minimizeChordDistance="true" crossOverPitch="3">-3:2:0/1.0,-4:-1:2/0.3,-0:0:1/3,-2:0:1/0.1,-1:0:2/0.2,-1:-0:1/2,-3:-0:1/1.1,-1:-1:2/1.0,-7:-3:0/3,-4:-2:-4/0.7,-4:-0:0/1.0</chordPattern>
 
  <chordPattern minimizeChordDistance="true" crossOverPitch="2">-2:-1:0/1.5,-4:-1:2/0.3,-4:0:1/3,-4:0:2/0.2,-4:0:7/0.7,-5:-2:2/5,-5:-1:4/1.5,-2:-1:2/0.2,-7:-6:0/3,-7:-6:-1/0.5,-6:-3:0/1.5</chordPattern>
    <chordPattern minimizeChordDistance="true" crossOverPitch="3">-3:2:0/1.0,-4:-1:2/0.3,-0:0:1/3,-2:0:1/0.1,-1:0:2/0.2,-1:-0:1/2,-3:-0:1/1.1,-1:-1:2/1.0,-7:-3:0/3,-4:-2:-4/0.7,-4:-0:0/1.0</chordPattern>
 
 
 
  <!-- chords based on chord random tables -->
  <chordPattern>0/6,1/8,1!1/8,1!1/6,1!3/2</chordPattern>
  <chordPattern>1/7,1/1,0/6,1/2,$0/7,$1/1,$2/6,2/2</chordPattern>  
  <chordPattern>2/8,1/1,0/7,1/1,$0/7,$1/1,$2/6,2/2</chordPattern>  
  <chordPattern>0/7.5,1!0/0.5,$0/7,1!1/1,$0/7.5,$1/0.5,$0/6,1!1/1,2!7/1</chordPattern>
  <chordPattern>0/12,1/4,$0/12,1/4</chordPattern>
  <chordPattern>2/12,1/4,$0/6,1/8</chordPattern>
  <chordPattern>0/6,1/2,1/8,1!0/8,1!1/8</chordPattern>
  <chordPattern>0/6,1/2,1/8,1!0/6,1!1/2,1!2/8</chordPattern>
  <chordPattern>0/8,1/8,1/8,1/8,$0/8,1/8,1/8,1/8</chordPattern>
  <chordPattern>0/3,1/8,0!0/8,1!1/8</chordPattern>
  <chordPattern>0/6,1/8,$0/8,1!1/8</chordPattern>
  <chordPattern>0/8,0/4,1/2,1/2,$0/12,$2/2,$3/2</chordPattern>
  <chordPattern>1/5,1/4,1/2,1/2,$0/8,1/4,$2/2,$3/2</chordPattern>
  <chordPattern>0/4,1/4,1/4,2!1/4</chordPattern>
  <chordPattern>0/4,0/4,1/4,1/2,2!3/2</chordPattern>
  <chordPattern>0/4,1/4,1/4,1/8,1/2,0/4,1/4,1/4,1/2,2/2</chordPattern>
  <chordPattern>0/8,1/4,2/4,$0/8,1/4,2/4</chordPattern>
  <chordPattern>1/3,1/4,1/7,1/2,1/7,1/2</chordPattern>
  <chordPattern>0/4,1/4,1/4,1/4,0/4,1/4,1/4,2/4</chordPattern>
  <chordPattern>0/4,2/3,1/4,1/4,0/4,1/4,1/4,1/2,1/6</chordPattern>
  <chordPattern>3/12,1/8,1/8,0/16,1!1/8,1!2/8</chordPattern>
  <chordPattern>0/8,1/8,$0/8,1!1/8</chordPattern>
  <chordPattern>0/16,1/8,1/8,$0/16,1/8,1/4,1/4</chordPattern>
  <chordPattern>1/6,2/8,1/8,$0/12,1/0,1/0,1/5</chordPattern>
    <chordPattern>2/4,8/2,1/0,$0/12,1/7,1/5,2/14</chordPattern>
    <chordPattern>0/0,1/5,12/15,4$0/8,1!1,8</chordPattern>
  
    <chordRandomTable>C,D,C6,E6,A6,Cm</chordRandomTable>
  <chordRandomTable>D,C,G,E,D</chordRandomTable>
  <chordRandomTable>C,G,Am,E7,B,F</chordRandomTable>
  <chordRandomTable>Cm,Am,G,E,B</chordRandomTable>
  <chordRandomTable>Am,A7,C6,G6,D,G,Em,E,D,D</chordRandomTable>
  <chordRandomTable>C,A,G,E,D,C,A,G,F,D,F</chordRandomTable>
  <chordRandomTable>C,G,F,E,E,C,D,G,E,D,E</chordRandomTable> 
  
    <chordRandomTable>B,A,G,A,Am,B</chordRandomTable>
  <chordRandomTable>D,C,G,E6,A7</chordRandomTable>
  <chordRandomTable>C,G,Am,E7,Bm,F4,G6</chordRandomTable>
  <chordRandomTable>C,A,D,Am,G6,G</chordRandomTable>
  <chordRandomTable>Am,B,G,Dm,Gm,E,E,D,D</chordRandomTable>
  <chordRandomTable>C,A,AM,F,E,D,C4,A4,G6,G,Em,D,G</chordRandomTable>
  <chordRandomTable>Am,D7,Am,F,Em,Am,A,C,Gm,F,Em,C,E</chordRandomTable> 
  
  <chordRandomTable>B,D,G6,E,Am,C4</chordRandomTable>
  <chordRandomTable>D6,C4,F,E7,A6</chordRandomTable>
  <chordRandomTable>C,G,Am,E7,Bm,F4</chordRandomTable>
  <chordRandomTable>C4,A,D,E7,G</chordRandomTable>
  <chordRandomTable>A7,A,C,G,D7,G7,Em,E7,D6,D</chordRandomTable>
  <chordRandomTable>C4,A,G,F,Em,D7,C,A6,G,F,Em,Dm,F</chordRandomTable>
  <chordRandomTable>C,D7,G,F,Em,E,C,D,G,F6,Em,D8,E</chordRandomTable> 
  
</harmonyEngine>
