<harmonyEngine class="PatternHarmonyEngine">
  <crossoverPitch>3</crossoverPitch>
  <minimizeChordDistance>true</minimizeChordDistance>
  <crossoverPitch>-3</crossoverPitch>
  
  <!-- direct chords -->
  <chordPattern minimizeChordDistance="true">Gm/2,E4/2,-6:-2:6/4,D6/4,A/4,E4/4,D8/2,F/5</chordPattern>
  <chordPattern minimizeChordDistance="true">A/4,E7/4,-5:-5:0/4,D/4,Gm/4,E/4,D6/4,F</chordPattern>
    <chordPattern minimizeChordDistance="true" crossoverpitch="-1">C/2,G/2,-5:-1:4/2,E/4,A/4,Em7/4,A6/4,Bm6/4</chordPattern>
    <chordPattern minimizeChordDistance="true" crossoverpitch="-1">B/3,E/4,-5:-2:4/3,G4/4,A6/4,Em/4,C6/4,F/4</chordPattern>
    <chordPattern minimizeChordDistance="true" crossoverpitch="1">A/4,E/4,-5:-3:4/2,G/4,Am/4,Em4/4,D6/4,G/3</chordPattern>
  <chordPattern minimizeChordDistance="true">A/1,G/2,G/2,D4/4,-7:-3:4/2,F/2,A6/4,G7/2,G/2,Dm4/4,-7:-3:4/2,G/2</chordPattern>
  <chordPattern minimizeChordDistance="true">G/4,Bm4/4,-7:-3:4/4,G6/4,A/4,Em4/4,D6/4,F/4</chordPattern>
  <chordPattern minimizeChordDistance="true">Dm/12,F4/2,-3:0:7/2,A6/8,-5:0:2/4,G/4,Am/12,F4/2,-3:0:7/2,A7/8,C6/4,-5:0:2/2,Em4/2</chordPattern>
  <chordPattern minimizeChordDistance="true" crossoverPitch="0">Am7/4,F/4,G/4,Em/4,F/4,D/4,-8:-3:-1/4,E/4</chordPattern>
  <chordPattern minimizeChordDistance="true" crossoverPitch="0">A/6,F4/1,A/1,F/6,D4/1,F/1,C/6,A4/1,C/1,G/6,E4/1,G/1</chordPattern>
  <chordPattern minimizeChordDistance="true" crossOverPitch="-1">-2:-1:0/1.5,-4:-1:2/0.3,-4:0:1/3,-4:0:2/0.2,-4:0:7/0.7,-5:-2:2/5,-5:-1:4/1.5,-2:-1:2/0.2,-7:-6:0/3,-7:-6:-1/0.5,-6:-3:0/1.5</chordPattern>
    <chordPattern minimizeChordDistance="true" crossOverPitch="2">-3:2:0/1.0,-4:-1:2/0.3,-0:0:1/3,-2:0:1/0.1,-1:0:2/0.2,-1:-0:1/2,-3:-0:1/1.1,-1:-1:2/1.0,-7:-3:0/3,-4:-2:-4/0.7,-4:-0:0/1.0</chordPattern>
 
 
 
  <!-- chords based on chord random tables -->
  <chordPattern>0/6,1/8,1!1/8,1!1/6,1!3/2</chordPattern>
  <chordPattern>1/7,1/1,0/6,1/2,$0/7,$1/1,$2/6,2/2</chordPattern>  
  <chordPattern>2/8,1/1,0/7,1/1,$0/7,$1/1,$2/6,2/2</chordPattern>  
  <chordPattern>0/7.5,1!0/0.5,$0/7,1!1/1,$0/7.5,$1/0.5,$0/6,1!1/1,2!7/1</chordPattern>
  <chordPattern>0/12,1/4,$0/12,1/4</chordPattern>
  <chordPattern>2/12,1/4,$0/6,1/8</chordPattern>
  <chordPattern>0/6,1/2,1/8,1!0/8,1!1/8</chordPattern>
  <chordPattern>0/6,1/2,1/8,1!0/6,1!1/2,1!2/8</chordPattern>
  <chordPattern>0/8,1/8,1/8,1/8,$0/8,1/8,1/8,1/8</chordPattern>
  <chordPattern>0/3,1/8,0!0/8,1!1/8</chordPattern>
  <chordPattern>0/6,1/8,$0/8,1!1/8</chordPattern>
  <chordPattern>0/8,0/4,1/2,1/2,$0/12,$2/2,$3/2</chordPattern>
  <chordPattern>1/5,1/4,1/2,1/2,$0/8,1/4,$2/2,$3/2</chordPattern>
  <chordPattern>0/4,1/4,1/4,2!1/4</chordPattern>
  <chordPattern>0/4,0/4,1/4,1/2,2!3/2</chordPattern>
  <chordPattern>0/4,1/4,1/4,1/8,1/2,0/4,1/4,1/4,1/2,2/2</chordPattern>
  <chordPattern>0/8,1/4,2/4,$0/8,1/4,2/4</chordPattern>
  <chordPattern>1/3,1/4,1/7,1/2,1/7,1/2</chordPattern>
  <chordPattern>0/4,1/4,1/4,1/4,0/4,1/4,1/4,2/4</chordPattern>
  <chordPattern>0/4,2/3,1/4,1/4,0/4,1/4,1/4,1/2,1/6</chordPattern>
  <chordPattern>3/12,1/8,1/8,0/16,1!1/8,1!2/8</chordPattern>
  <chordPattern>0/8,1/8,$0/8,1!1/8</chordPattern>
  <chordPattern>0/16,1/8,1/8,$0/16,1/8,1/4,1/4</chordPattern>
  <chordPattern>1/6,2/8,1/8,$0/12,1/0,1/0,1/5</chordPattern>
    <chordPattern>2/4,8/2,1/0,$0/12,1/7,1/5,2/14</chordPattern>
    <chordPattern>0/0,1/5,12/15,4$0/8,1!1,8</chordPattern>
  
  <chordRandomTable>B,D,G6,E,Am,C4</chordRandomTable>
  <chordRandomTable>D6,C4,F,E7,A6</chordRandomTable>
  <chordRandomTable>C,G,Am,E7,Bm,F4</chordRandomTable>
  <chordRandomTable>C4,A,D,E7,G</chordRandomTable>
  <chordRandomTable>A7,A,C,G,D7,G7,Em,E7,D6,D</chordRandomTable>
  <chordRandomTable>C4,A,G,F,Em,D7,C,A6,G,F,Em,Dm,F</chordRandomTable>
  <chordRandomTable>C,D7,G,F,Em,E,C,D,G,F6,Em,D8,E</chordRandomTable> 
</harmonyEngine>
