<harmonyEngine class="PatternHarmonyEngine">
  <crossoverPitch>3</crossoverPitch>
  <minimizeChordDistance>true</minimizeChordDistance>
  <crossoverPitch>-3</crossoverPitch>
  
  
  <!-- direct chords -->
  <chordPattern minimizeChordDistance="true" crossoverpitch="-3">Gm/2,E7/2,C/2,D/4,Em/5,C/4</chordPattern>
<chordPattern minimizeChordDistance="true" crossoverpicth="1">A/1,E7/1,Dm/5,A/3,Am/2</chordPattern>
<chordPattern minimizeChordDistance="true" crossoverpitch="-">C/2,G/4,C/0,C/5,D/4,Em/4</chordPattern>
<chordPattern minimizeChordDistance="true" crossoverpitch="1">B/3,E/1,D/0,F/4</chordPattern>
<chordPattern minimizeChordDistance="true" crossoverpitch="0">A/1,E/1,E/0,F/5</chordPattern>
  <chordPattern minimizeChordDistance="true" crossoverpitch="-3">Gm/5,Em7/2,F/2</chordPattern>
  <chordPattern minimizeChordDistance="true" crossoverpicth="1">A/1,E7/1,Bm/5</chordPattern>
    <chordPattern minimizeChordDistance="true" crossoverpitch="-">C/5,G/3,D/1</chordPattern>
    <chordPattern minimizeChordDistance="true" crossoverpitch="1">B/3,E/1,D/2</chordPattern>
    <chordPattern minimizeChordDistance="true" crossoverpitch="0">A/1,E/1,D/4</chordPattern>
  <chordPattern minimizeChordDistance="true" crossoverpitch="1">A/1,G/5,Am/3</chordPattern>
  <chordPattern minimizeChordDistance="true" crossoverpicth="">G/1,Bm/1,C/3</chordPattern>
  <chordPattern minimizeChordDistance="true" crossoverpitch="-3">Dm/1,Am/3</chordPattern>
  <chordPattern minimizeChordDistance="true" crossoverPitch="0">Am7/1,F/4,D/5</chordPattern>
  <chordPattern minimizeChordDistance="true" crossoverPitch="1">A/2,Am/1,E/2</chordPattern>

 
  <!-- chords based on chord random tables -->
  <chordPattern>0/4,1/4,1/4,2!1/4</chordPattern>
  <chordPattern>0/4,1/4,1/4,1/2,2!3/2</chordPattern>
  <chordPattern>0/4,1/4,1/4,1/2,1/2,0/4,1/4,1/4,1/2,2/2</chordPattern>
  <chordPattern>0/8,1/4,2/4</chordPattern>
  <chordPattern>0/8,1/8,1/8,1!1/8</chordPattern>
    <chordRandomTable>C,D,C,Em7,A,Cm</chordRandomTable>
  <chordRandomTable>D,C,G,Em7,D</chordRandomTable>
  <chordRandomTable>C,G,Am,Em7,B,F</chordRandomTable>
  <chordRandomTable>Cm,Am,G,Em7,B</chordRandomTable>
  <chordRandomTable>Am,A,C,G,D,G,Em7m,Em7,D,D</chordRandomTable>
  <chordRandomTable>C,A,G,Em7,D,C,A,G,F,D,F</chordRandomTable>
  <chordRandomTable>C,G,F,Em7,Em7,C,D,G,Em7,D,Em7</chordRandomTable> 
  
    <chordRandomTable>B,A,G,A,Am,B</chordRandomTable>
  <chordRandomTable>D,C,G,E,A</chordRandomTable>
  <chordRandomTable>C,G,Am,E,Bm,Am,G</chordRandomTable>
  <chordRandomTable>C,A,D,Am,G,G</chordRandomTable>
  <chordRandomTable>Am,B,G,Dm,Gm,E,E,D,D</chordRandomTable>
  <chordRandomTable>C,A,AM,F,E,D,C1,A1,G,G,Em,D,G</chordRandomTable>
  <chordRandomTable>Am,D,Am,F,Em,Am,A,C,Gm,F,Em,C,E</chordRandomTable> 
  
  <chordRandomTable>B,D,G,Em7,Am,C1</chordRandomTable>
  <chordRandomTable>D,C1,F,Em7,A</chordRandomTable>
  <chordRandomTable>C,G,Am,Em7,Bm,Am</chordRandomTable>
  <chordRandomTable>C1,A,D,Em7,G</chordRandomTable>
  <chordRandomTable>A,A,C,G,D,G,Em7m,Em7,D,D</chordRandomTable>
  <chordRandomTable>C1,A,G,F,Em7m,D,C,A,G,F,Em7m,Dm,F</chordRandomTable>
  <chordRandomTable>C,D,G,F,Em7m,Em7,C,D,G,F,Em7m,D8,Em7</chordRandomTable> 
  
</harmonyEngine>
